,id,year,date,stage,home_team,home_goals,away_goals,away_team,winning_team,losing_team,win_conditions,host_team
0,1,1930,1930/7/13,Group stage,France,4,1,Mexico,France,Mexico,,False
1,2,1930,1930/7/13,Group stage,United States,3,0,Belgium,United States,Belgium,,False
2,3,1930,1930/7/14,Group stage,Yugoslavia,2,1,Brazil,Yugoslavia,Brazil,,False
3,4,1930,1930/7/14,Group stage,Romania,3,1,Peru,Romania,Peru,,False
4,5,1930,1930/7/15,Group stage,Argentina,1,0,France,Argentina,France,,False
5,6,1930,1930/7/16,Group stage,Chile,3,0,Mexico,Chile,Mexico,,False
6,7,1930,1930/7/17,Group stage,Yugoslavia,4,0,Bolivia,Yugoslavia,Bolivia,,False
7,8,1930,1930/7/17,Group stage,United States,3,0,Paraguay,United States,Paraguay,,False
8,9,1930,1930/7/18,Group stage,Uruguay,1,0,Peru,Uruguay,Peru,,True
9,10,1930,1930/7/19,Group stage,Chile,1,0,France,Chile,France,,False
10,11,1930,1930/7/19,Group stage,Argentina,6,3,Mexico,Argentina,Mexico,,False
11,12,1930,1930/7/20,Group stage,Brazil,4,0,Bolivia,Brazil,Bolivia,,False
12,13,1930,1930/7/20,Group stage,Paraguay,1,0,Belgium,Paraguay,Belgium,,False
13,14,1930,1930/7/21,Group stage,Uruguay,4,0,Romania,Uruguay,Romania,,True
14,15,1930,1930/7/22,Group stage,Argentina,3,1,Chile,Argentina,Chile,,False
15,16,1930,1930/7/26,Semi-finals,Argentina,6,1,United States,Argentina,United States,,False
16,17,1930,1930/7/27,Semi-finals,Uruguay,6,1,Yugoslavia,Uruguay,Yugoslavia,,True
17,18,1930,1930/7/30,Final,Uruguay,4,2,Argentina,Uruguay,Argentina,,True
18,19,1934,1934/5/27,Round of 16,Austria,3,2,France,Austria,France,Extra time,False
19,20,1934,1934/5/27,Round of 16,Hungary,4,2,Egypt,Hungary,Egypt,,False
20,21,1934,1934/5/27,Round of 16,Switzerland,3,2,Netherlands,Switzerland,Netherlands,,False
21,22,1934,1934/5/27,Round of 16,Sweden,3,2,Argentina,Sweden,Argentina,,False
22,23,1934,1934/5/27,Round of 16,Germany,5,2,Belgium,Germany,Belgium,,False
23,24,1934,1934/5/27,Round of 16,Spain,3,1,Brazil,Spain,Brazil,,False
24,25,1934,1934/5/27,Round of 16,Italy,7,1,United States,Italy,United States,,True
25,26,1934,1934/5/27,Round of 16,Czechoslovakia,2,1,Romania,Czechoslovakia,Romania,,False
26,27,1934,1934/5/31,Quarter-finals,Czechoslovakia,3,2,Switzerland,Czechoslovakia,Switzerland,,False
27,28,1934,1934/5/31,Quarter-finals,Germany,2,1,Sweden,Germany,Sweden,,False
28,29,1934,1934/5/31,Quarter-finals,Italy,1,1,Spain,,,,True
29,30,1934,1934/5/31,Quarter-finals,Austria,2,1,Hungary,Austria,Hungary,,False
30,31,1934,1934/6/1,Quarter-finals,Italy,1,0,Spain,Italy,Spain,,True
31,32,1934,1934/6/3,Semi-finals,Italy,1,0,Austria,Italy,Austria,,True
32,33,1934,1934/6/3,Semi-finals,Czechoslovakia,3,1,Germany,Czechoslovakia,Germany,,False
33,34,1934,1934/6/7,Third place,Germany,3,2,Austria,Germany,Austria,,False
34,35,1934,1934/6/10,Final,Italy,2,1,Czechoslovakia,Italy,Czechoslovakia,Extra time,True
35,36,1938,1938/6/4,Round of 16,Switzerland,1,1,Germany,,,,False
36,37,1938,1938/6/5,Round of 16,Hungary,6,0,Indonesia,Hungary,Indonesia,,False
37,38,1938,1938/6/5,Round of 16,France,3,1,Belgium,France,Belgium,,True
38,39,1938,1938/6/5,Round of 16,Cuba,3,3,Romania,,,,False
39,40,1938,1938/6/5,Round of 16,Italy,2,1,Norway,Italy,Norway,Extra time,False
40,41,1938,1938/6/5,Round of 16,Brazil,6,5,Poland,Brazil,Poland,Extra time,False
41,42,1938,1938/6/5,Round of 16,Czechoslovakia,3,0,Netherlands,Czechoslovakia,Netherlands,Extra time,False
42,43,1938,1938/6/9,Round of 16,Cuba,2,1,Romania,Cuba,Romania,,False
43,44,1938,1938/6/9,Round of 16,Switzerland,4,2,Germany,Switzerland,Germany,,False
44,45,1938,1938/6/12,Quarter-finals,Brazil,1,1,Czechoslovakia,,,,False
45,46,1938,1938/6/12,Quarter-finals,Hungary,2,0,Switzerland,Hungary,Switzerland,,False
46,47,1938,1938/6/12,Quarter-finals,Sweden,8,0,Cuba,Sweden,Cuba,,False
47,48,1938,1938/6/12,Quarter-finals,France,1,3,Italy,Italy,France,,True
48,49,1938,1938/6/14,Quarter-finals,Brazil,2,1,Czechoslovakia,Brazil,Czechoslovakia,,False
49,50,1938,1938/6/16,Semi-finals,Hungary,5,1,Sweden,Hungary,Sweden,,False
50,51,1938,1938/6/16,Semi-finals,Italy,2,1,Brazil,Italy,Brazil,,False
51,52,1938,1938/6/19,Third place,Brazil,4,2,Sweden,Brazil,Sweden,,False
52,53,1938,1938/6/19,Final,Italy,4,2,Hungary,Italy,Hungary,,False
53,54,1950,1950/6/24,First round,Brazil,4,0,Mexico,Brazil,Mexico,,True
54,55,1950,1950/6/25,First round,England,2,0,Chile,England,Chile,,False
55,56,1950,1950/6/25,First round,Spain,3,1,United States,Spain,United States,,False
56,57,1950,1950/6/25,First round,Sweden,3,2,Italy,Sweden,Italy,,False
57,58,1950,1950/6/25,First round,Yugoslavia,3,0,Switzerland,Yugoslavia,Switzerland,,False
58,59,1950,1950/6/28,First round,Brazil,2,2,Switzerland,,,,True
59,60,1950,1950/6/28,First round,Yugoslavia,4,1,Mexico,Yugoslavia,Mexico,,False
60,61,1950,1950/6/29,First round,Spain,2,0,Chile,Spain,Chile,,False
61,62,1950,1950/6/29,First round,United States,1,0,England,United States,England,,False
62,63,1950,1950/6/29,First round,Sweden,2,2,Paraguay,,,,False
63,64,1950,1950/7/1,First round,Brazil,2,0,Yugoslavia,Brazil,Yugoslavia,,True
64,65,1950,1950/7/2,First round,Spain,1,0,England,Spain,England,,False
65,66,1950,1950/7/2,First round,Italy,2,0,Paraguay,Italy,Paraguay,,False
66,67,1950,1950/7/2,First round,Uruguay,8,0,Bolivia,Uruguay,Bolivia,,False
67,68,1950,1950/7/2,First round,Chile,5,2,United States,Chile,United States,,False
68,69,1950,1950/7/2,First round,Switzerland,2,1,Mexico,Switzerland,Mexico,,False
69,70,1950,1950/7/9,Final round,Uruguay,2,2,Spain,,,,False
70,71,1950,1950/7/9,Final round,Brazil,7,1,Sweden,Brazil,Sweden,,True
71,72,1950,1950/7/13,Final round,Brazil,6,1,Spain,Brazil,Spain,,True
72,73,1950,1950/7/13,Final round,Uruguay,3,2,Sweden,Uruguay,Sweden,,False
73,74,1950,1950/7/16,Final round,Sweden,3,1,Spain,Sweden,Spain,,False
74,75,1950,1950/7/16,Final round,Uruguay,2,1,Brazil,Uruguay,Brazil,,True
75,76,1954,1954/6/16,Group stage,Uruguay,2,0,Czechoslovakia,Uruguay,Czechoslovakia,,False
76,77,1954,1954/6/16,Group stage,Austria,1,0,Scotland,Austria,Scotland,,False
77,78,1954,1954/6/16,Group stage,Brazil,5,0,Mexico,Brazil,Mexico,,False
78,79,1954,1954/6/16,Group stage,Yugoslavia,1,0,France,Yugoslavia,France,,False
79,80,1954,1954/6/17,Group stage,Switzerland,2,1,Italy,Switzerland,Italy,,True
80,81,1954,1954/6/17,Group stage,Germany,4,1,Turkey,Germany,Turkey,,False
81,82,1954,1954/6/17,Group stage,Hungary,9,0,South Korea,Hungary,South Korea,,False
82,83,1954,1954/6/17,Group stage,England,4,4,Belgium,,,,False
83,84,1954,1954/6/19,Group stage,Uruguay,7,0,Scotland,Uruguay,Scotland,,False
84,85,1954,1954/6/19,Group stage,Austria,5,0,Czechoslovakia,Austria,Czechoslovakia,,False
85,86,1954,1954/6/19,Group stage,Brazil,1,1,Yugoslavia,,,,False
86,87,1954,1954/6/19,Group stage,France,3,2,Mexico,France,Mexico,,False
87,88,1954,1954/6/20,Group stage,Hungary,8,3,Germany,Hungary,Germany,,False
88,89,1954,1954/6/20,Group stage,Turkey,7,0,South Korea,Turkey,South Korea,,False
89,90,1954,1954/6/20,Group stage,Italy,4,1,Belgium,Italy,Belgium,,False
90,91,1954,1954/6/20,Group stage,Switzerland,0,2,England,England,Switzerland,,True
91,92,1954,1954/6/23,Group stage,Germany,7,2,Turkey,Germany,Turkey,,False
92,93,1954,1954/6/23,Group stage,Switzerland,4,1,Italy,Switzerland,Italy,,True
93,94,1954,1954/6/26,Quarter-finals,Uruguay,4,2,England,Uruguay,England,,False
94,95,1954,1954/6/26,Quarter-finals,Switzerland,5,7,Austria,Austria,Switzerland,,True
95,96,1954,1954/6/27,Quarter-finals,Germany,2,0,Yugoslavia,Germany,Yugoslavia,,False
96,97,1954,1954/6/27,Quarter-finals,Hungary,4,2,Brazil,Hungary,Brazil,,False
97,98,1954,1954/6/30,Semi-finals,Germany,6,1,Austria,Germany,Austria,,False
98,99,1954,1954/6/30,Semi-finals,Hungary,4,2,Uruguay,Hungary,Uruguay,Extra time,False
99,100,1954,1954/7/3,Third place,Austria,3,1,Uruguay,Austria,Uruguay,,False
100,101,1954,1954/7/4,Final,Germany,3,2,Hungary,Germany,Hungary,,False
101,102,1958,1958/6/8,Group stage,Sweden,3,0,Mexico,Sweden,Mexico,,True
102,103,1958,1958/6/8,Group stage,Russia,2,2,England,,,,False
103,104,1958,1958/6/8,Group stage,Argentina,1,3,Germany,Germany,Argentina,,False
104,105,1958,1958/6/8,Group stage,Hungary,1,1,Wales,,,,False
105,106,1958,1958/6/8,Group stage,France,7,3,Paraguay,France,Paraguay,,False
106,107,1958,1958/6/8,Group stage,Yugoslavia,1,1,Scotland,,,,False
107,108,1958,1958/6/8,Group stage,Brazil,3,0,Austria,Brazil,Austria,,False
108,109,1958,1958/6/8,Group stage,Northern Ireland,1,0,Czechoslovakia,Northern Ireland,Czechoslovakia,,False
109,110,1958,1958/6/11,Group stage,Brazil,0,0,England,,,,False
110,111,1958,1958/6/11,Group stage,Mexico,1,1,Wales,,,,False
111,112,1958,1958/6/11,Group stage,Paraguay,3,2,Scotland,Paraguay,Scotland,,False
112,113,1958,1958/6/11,Group stage,Yugoslavia,3,2,France,Yugoslavia,France,,False
113,114,1958,1958/6/11,Group stage,Russia,2,0,Austria,Russia,Austria,,False
114,115,1958,1958/6/11,Group stage,Germany,2,2,Czechoslovakia,,,,False
115,116,1958,1958/6/11,Group stage,Argentina,3,1,Northern Ireland,Argentina,Northern Ireland,,False
116,117,1958,1958/6/12,Group stage,Sweden,2,1,Hungary,Sweden,Hungary,,True
117,118,1958,1958/6/15,Group stage,Sweden,0,0,Wales,,,,True
118,119,1958,1958/6/15,Group stage,Brazil,2,0,Russia,Brazil,Russia,,False
119,120,1958,1958/6/15,Group stage,Germany,2,2,Northern Ireland,,,,False
120,121,1958,1958/6/15,Group stage,Hungary,4,0,Mexico,Hungary,Mexico,,False
121,122,1958,1958/6/15,Group stage,Paraguay,3,3,Yugoslavia,,,,False
122,123,1958,1958/6/15,Group stage,France,2,1,Scotland,France,Scotland,,False
123,124,1958,1958/6/15,Group stage,England,2,2,Austria,,,,False
124,125,1958,1958/6/15,Group stage,Czechoslovakia,6,1,Argentina,Czechoslovakia,Argentina,,False
125,126,1958,1958/6/17,Group stage,Russia,1,0,England,Russia,England,,False
126,127,1958,1958/6/17,Group stage,Northern Ireland,2,1,Czechoslovakia,Northern Ireland,Czechoslovakia,Extra time,False
127,128,1958,1958/6/17,Group stage,Wales,2,1,Hungary,Wales,Hungary,,False
128,129,1958,1958/6/19,Quarter-finals,Brazil,1,0,Wales,Brazil,Wales,,False
129,130,1958,1958/6/19,Quarter-finals,Germany,1,0,Yugoslavia,Germany,Yugoslavia,,False
130,131,1958,1958/6/19,Quarter-finals,Sweden,2,0,Russia,Sweden,Russia,,True
131,132,1958,1958/6/19,Quarter-finals,France,4,0,Northern Ireland,France,Northern Ireland,,False
132,133,1958,1958/6/24,Semi-finals,Sweden,3,1,Germany,Sweden,Germany,,True
133,134,1958,1958/6/24,Semi-finals,Brazil,5,2,France,Brazil,France,,False
134,135,1958,1958/6/28,Third place,France,6,3,Germany,France,Germany,,False
135,136,1958,1958/6/29,Final,Sweden,2,5,Brazil,Brazil,Sweden,,True
136,137,1962,1962/5/30,Group stage,Uruguay,2,1,Colombia,Uruguay,Colombia,,False
137,138,1962,1962/5/30,Group stage,Brazil,2,0,Mexico,Brazil,Mexico,,False
138,139,1962,1962/5/30,Group stage,Argentina,1,0,Bulgaria,Argentina,Bulgaria,,False
139,140,1962,1962/5/30,Group stage,Chile,3,1,Switzerland,Chile,Switzerland,,True
140,141,1962,1962/5/31,Group stage,Russia,2,0,Yugoslavia,Russia,Yugoslavia,,False
141,142,1962,1962/5/31,Group stage,Czechoslovakia,1,0,Spain,Czechoslovakia,Spain,,False
142,143,1962,1962/5/31,Group stage,Hungary,2,1,England,Hungary,England,,False
143,144,1962,1962/5/31,Group stage,Germany,0,0,Italy,,,,False
144,145,1962,1962/6/2,Group stage,Yugoslavia,3,1,Uruguay,Yugoslavia,Uruguay,,False
145,146,1962,1962/6/2,Group stage,Brazil,0,0,Czechoslovakia,,,,False
146,147,1962,1962/6/2,Group stage,England,3,1,Argentina,England,Argentina,,False
147,148,1962,1962/6/2,Group stage,Chile,2,0,Italy,Chile,Italy,,True
148,149,1962,1962/6/3,Group stage,Russia,4,4,Colombia,,,,False
149,150,1962,1962/6/3,Group stage,Spain,1,0,Mexico,Spain,Mexico,,False
150,151,1962,1962/6/3,Group stage,Hungary,6,1,Bulgaria,Hungary,Bulgaria,,False
151,152,1962,1962/6/3,Group stage,Germany,2,1,Switzerland,Germany,Switzerland,,False
152,153,1962,1962/6/6,Group stage,Russia,2,1,Uruguay,Russia,Uruguay,,False
153,154,1962,1962/6/6,Group stage,Brazil,2,1,Spain,Brazil,Spain,,False
154,155,1962,1962/6/6,Group stage,Hungary,0,0,Argentina,,,,False
155,156,1962,1962/6/6,Group stage,Chile,0,2,Germany,Germany,Chile,,True
156,157,1962,1962/6/7,Group stage,Yugoslavia,5,0,Colombia,Yugoslavia,Colombia,,False
157,158,1962,1962/6/7,Group stage,Mexico,3,1,Czechoslovakia,Mexico,Czechoslovakia,,False
158,159,1962,1962/6/7,Group stage,England,0,0,Bulgaria,,,,False
159,160,1962,1962/6/7,Group stage,Italy,3,0,Switzerland,Italy,Switzerland,,False
160,161,1962,1962/6/10,Quarter-finals,Chile,2,1,Russia,Chile,Russia,,True
161,162,1962,1962/6/10,Quarter-finals,Brazil,3,1,England,Brazil,England,,False
162,163,1962,1962/6/10,Quarter-finals,Czechoslovakia,1,0,Hungary,Czechoslovakia,Hungary,,False
163,164,1962,1962/6/10,Quarter-finals,Yugoslavia,1,0,Germany,Yugoslavia,Germany,,False
164,165,1962,1962/6/13,Semi-finals,Czechoslovakia,3,1,Yugoslavia,Czechoslovakia,Yugoslavia,,False
165,166,1962,1962/6/13,Semi-finals,Chile,2,4,Brazil,Brazil,Chile,,True
166,167,1962,1962/6/16,Third place,Chile,1,0,Yugoslavia,Chile,Yugoslavia,,True
167,168,1962,1962/6/17,Final,Brazil,3,1,Czechoslovakia,Brazil,Czechoslovakia,,False
168,169,1966,1966/7/11,Group stage,England,0,0,Uruguay,,,,True
169,170,1966,1966/7/12,Group stage,Germany,5,0,Switzerland,Germany,Switzerland,,False
170,171,1966,1966/7/12,Group stage,Brazil,2,0,Bulgaria,Brazil,Bulgaria,,False
171,172,1966,1966/7/12,Group stage,Russia,3,0,North Korea,Russia,North Korea,,False
172,173,1966,1966/7/13,Group stage,France,1,1,Mexico,,,,False
173,174,1966,1966/7/13,Group stage,Portugal,3,1,Hungary,Portugal,Hungary,,False
174,175,1966,1966/7/13,Group stage,Argentina,2,1,Spain,Argentina,Spain,,False
175,176,1966,1966/7/13,Group stage,Italy,2,0,Chile,Italy,Chile,,False
176,177,1966,1966/7/15,Group stage,Uruguay,2,1,France,Uruguay,France,,False
177,178,1966,1966/7/15,Group stage,Spain,2,1,Switzerland,Spain,Switzerland,,False
178,179,1966,1966/7/15,Group stage,Hungary,3,1,Brazil,Hungary,Brazil,,False
179,180,1966,1966/7/15,Group stage,North Korea,1,1,Chile,,,,False
180,181,1966,1966/7/16,Group stage,Portugal,3,0,Bulgaria,Portugal,Bulgaria,,False
181,182,1966,1966/7/16,Group stage,Germany,0,0,Argentina,,,,False
182,183,1966,1966/7/16,Group stage,Russia,1,0,Italy,Russia,Italy,,False
183,184,1966,1966/7/16,Group stage,England,2,0,Mexico,England,Mexico,,True
184,185,1966,1966/7/19,Group stage,Uruguay,0,0,Mexico,,,,False
185,186,1966,1966/7/19,Group stage,Argentina,2,0,Switzerland,Argentina,Switzerland,,False
186,187,1966,1966/7/19,Group stage,Portugal,3,1,Brazil,Portugal,Brazil,,False
187,188,1966,1966/7/19,Group stage,North Korea,1,0,Italy,North Korea,Italy,,False
188,189,1966,1966/7/20,Group stage,England,2,0,France,England,France,,True
189,190,1966,1966/7/20,Group stage,Hungary,3,1,Bulgaria,Hungary,Bulgaria,,False
190,191,1966,1966/7/20,Group stage,Germany,2,1,Spain,Germany,Spain,,False
191,192,1966,1966/7/20,Group stage,Russia,2,1,Chile,Russia,Chile,,False
192,193,1966,1966/7/23,Quarter-finals,England,1,0,Argentina,England,Argentina,,True
193,194,1966,1966/7/23,Quarter-finals,Germany,4,0,Uruguay,Germany,Uruguay,,False
194,195,1966,1966/7/23,Quarter-finals,Russia,2,1,Hungary,Russia,Hungary,,False
195,196,1966,1966/7/23,Quarter-finals,Portugal,5,3,North Korea,Portugal,North Korea,,False
196,197,1966,1966/7/25,Semi-finals,Germany,2,1,Russia,Germany,Russia,,False
197,198,1966,1966/7/26,Semi-finals,England,2,1,Portugal,England,Portugal,,True
198,199,1966,1966/7/28,Third place,Portugal,2,1,Russia,Portugal,Russia,,False
199,200,1966,1966/7/30,Final,England,4,2,Germany,England,Germany,Extra time,True
200,201,1970,1970/5/31,Group stage,Mexico,0,0,Russia,,,,True
201,202,1970,1970/6/2,Group stage,Uruguay,2,0,Israel,Uruguay,Israel,,False
202,203,1970,1970/6/2,Group stage,Peru,3,2,Bulgaria,Peru,Bulgaria,,False
203,204,1970,1970/6/2,Group stage,England,1,0,Romania,England,Romania,,False
204,205,1970,1970/6/3,Group stage,Italy,1,0,Sweden,Italy,Sweden,,False
205,206,1970,1970/6/3,Group stage,Germany,2,1,Morocco,Germany,Morocco,,False
206,207,1970,1970/6/3,Group stage,Brazil,4,1,Czechoslovakia,Brazil,Czechoslovakia,,False
207,208,1970,1970/6/3,Group stage,Belgium,3,0,El Salvador,Belgium,El Salvador,,False
208,209,1970,1970/6/6,Group stage,Uruguay,0,0,Italy,,,,False
209,210,1970,1970/6/6,Group stage,Peru,3,0,Morocco,Peru,Morocco,,False
210,211,1970,1970/6/6,Group stage,Romania,2,1,Czechoslovakia,Romania,Czechoslovakia,,False
211,212,1970,1970/6/6,Group stage,Russia,4,1,Belgium,Russia,Belgium,,False
212,213,1970,1970/6/7,Group stage,Sweden,1,1,Israel,,,,False
213,214,1970,1970/6/7,Group stage,Germany,5,2,Bulgaria,Germany,Bulgaria,,False
214,215,1970,1970/6/7,Group stage,Brazil,1,0,England,Brazil,England,,False
215,216,1970,1970/6/7,Group stage,Mexico,4,0,El Salvador,Mexico,El Salvador,,True
216,217,1970,1970/6/10,Group stage,Sweden,1,0,Uruguay,Sweden,Uruguay,,False
217,218,1970,1970/6/10,Group stage,Germany,3,1,Peru,Germany,Peru,,False
218,219,1970,1970/6/10,Group stage,Brazil,3,2,Romania,Brazil,Romania,,False
219,220,1970,1970/6/10,Group stage,Russia,2,0,El Salvador,Russia,El Salvador,,False
220,221,1970,1970/6/11,Group stage,Italy,0,0,Israel,,,,False
221,222,1970,1970/6/11,Group stage,Bulgaria,1,1,Morocco,,,,False
222,223,1970,1970/6/11,Group stage,England,1,0,Czechoslovakia,England,Czechoslovakia,,False
223,224,1970,1970/6/11,Group stage,Mexico,1,0,Belgium,Mexico,Belgium,,True
224,225,1970,1970/6/14,Quarter-finals,Mexico,1,4,Italy,Italy,Mexico,,True
225,226,1970,1970/6/14,Quarter-finals,Germany,3,2,England,Germany,England,Extra time,False
226,227,1970,1970/6/14,Quarter-finals,Brazil,4,2,Peru,Brazil,Peru,,False
227,228,1970,1970/6/14,Quarter-finals,Uruguay,1,0,Russia,Uruguay,Russia,Extra time,False
228,229,1970,1970/6/17,Semi-finals,Brazil,3,1,Uruguay,Brazil,Uruguay,,False
229,230,1970,1970/6/17,Semi-finals,Italy,4,3,Germany,Italy,Germany,Extra time,False
230,231,1970,1970/6/20,Third place,Germany,1,0,Uruguay,Germany,Uruguay,,False
231,232,1970,1970/6/21,Final,Brazil,4,1,Italy,Brazil,Italy,,False
232,233,1974,1974/6/13,First group stage,Brazil,0,0,Yugoslavia,,,,False
233,234,1974,1974/6/14,First group stage,Germany,1,0,Chile,Germany,Chile,,True
234,235,1974,1974/6/14,First group stage,East Germany,2,0,Australia,East Germany,Australia,,False
235,236,1974,1974/6/14,First group stage,DR Congo,0,2,Scotland,Scotland,DR Congo,,False
236,237,1974,1974/6/15,First group stage,Uruguay,0,2,Netherlands,Netherlands,Uruguay,,False
237,238,1974,1974/6/15,First group stage,Sweden,0,0,Bulgaria,,,,False
238,239,1974,1974/6/15,First group stage,Italy,3,1,Haiti,Italy,Haiti,,False
239,240,1974,1974/6/15,First group stage,Poland,3,2,Argentina,Poland,Argentina,,False
240,241,1974,1974/6/18,First group stage,Germany,3,0,Australia,Germany,Australia,,True
241,242,1974,1974/6/18,First group stage,Scotland,0,0,Brazil,,,,False
242,243,1974,1974/6/18,First group stage,Chile,1,1,East Germany,,,,False
243,244,1974,1974/6/18,First group stage,Yugoslavia,9,0,DR Congo,Yugoslavia,DR Congo,,False
244,245,1974,1974/6/19,First group stage,Netherlands,0,0,Sweden,,,,False
245,246,1974,1974/6/19,First group stage,Bulgaria,1,1,Uruguay,,,,False
246,247,1974,1974/6/19,First group stage,Haiti,0,7,Poland,Poland,Haiti,,False
247,248,1974,1974/6/19,First group stage,Argentina,1,1,Italy,,,,False
248,249,1974,1974/6/22,First group stage,Scotland,1,1,Yugoslavia,,,,False
249,250,1974,1974/6/22,First group stage,Australia,0,0,Chile,,,,False
250,251,1974,1974/6/22,First group stage,DR Congo,0,3,Brazil,Brazil,DR Congo,,False
251,252,1974,1974/6/22,First group stage,Germany,0,1,East Germany,East Germany,Germany,,True
252,253,1974,1974/6/23,First group stage,Bulgaria,1,4,Netherlands,Netherlands,Bulgaria,,False
253,254,1974,1974/6/23,First group stage,Argentina,4,1,Haiti,Argentina,Haiti,,False
254,255,1974,1974/6/23,First group stage,Sweden,3,0,Uruguay,Sweden,Uruguay,,False
255,256,1974,1974/6/23,First group stage,Poland,2,1,Italy,Poland,Italy,,False
256,257,1974,1974/6/26,Second group stage,Germany,2,0,Yugoslavia,Germany,Yugoslavia,,True
257,258,1974,1974/6/26,Second group stage,Brazil,1,0,East Germany,Brazil,East Germany,,False
258,259,1974,1974/6/26,Second group stage,Netherlands,4,0,Argentina,Netherlands,Argentina,,False
259,260,1974,1974/6/26,Second group stage,Sweden,0,1,Poland,Poland,Sweden,,False
260,261,1974,1974/6/30,Second group stage,Argentina,1,2,Brazil,Brazil,Argentina,,False
261,262,1974,1974/6/30,Second group stage,Poland,2,1,Yugoslavia,Poland,Yugoslavia,,False
262,263,1974,1974/6/30,Second group stage,East Germany,0,2,Netherlands,Netherlands,East Germany,,False
263,264,1974,1974/6/30,Second group stage,Germany,4,2,Sweden,Germany,Sweden,,True
264,265,1974,1974/7/3,Second group stage,Germany,1,0,Poland,Germany,Poland,,True
265,266,1974,1974/7/3,Second group stage,Netherlands,2,0,Brazil,Netherlands,Brazil,,False
266,267,1974,1974/7/3,Second group stage,Argentina,1,1,East Germany,,,,False
267,268,1974,1974/7/3,Second group stage,Sweden,2,1,Yugoslavia,Sweden,Yugoslavia,,False
268,269,1974,1974/7/6,Third place,Brazil,0,1,Poland,Poland,Brazil,,False
269,270,1974,1974/7/7,Final,Germany,2,1,Netherlands,Germany,Netherlands,,True
270,271,1978,1978/6/1,First group stage,Germany,0,0,Poland,,,,False
271,272,1978,1978/6/2,First group stage,Italy,2,1,France,Italy,France,,False
272,273,1978,1978/6/2,First group stage,Tunisia,3,1,Mexico,Tunisia,Mexico,,False
273,274,1978,1978/6/2,First group stage,Argentina,2,1,Hungary,Argentina,Hungary,,True
274,275,1978,1978/6/3,First group stage,Sweden,1,1,Brazil,,,,False
275,276,1978,1978/6/3,First group stage,Austria,2,1,Spain,Austria,Spain,,False
276,277,1978,1978/6/3,First group stage,Peru,3,1,Scotland,Peru,Scotland,,False
277,278,1978,1978/6/3,First group stage,Netherlands,3,0,Iran,Netherlands,Iran,,False
278,279,1978,1978/6/6,First group stage,Italy,3,1,Hungary,Italy,Hungary,,False
279,280,1978,1978/6/6,First group stage,Poland,1,0,Tunisia,Poland,Tunisia,,False
280,281,1978,1978/6/6,First group stage,Germany,6,0,Mexico,Germany,Mexico,,False
281,282,1978,1978/6/6,First group stage,Argentina,2,1,France,Argentina,France,,True
282,283,1978,1978/6/7,First group stage,Brazil,0,0,Spain,,,,False
283,284,1978,1978/6/7,First group stage,Austria,1,0,Sweden,Austria,Sweden,,False
284,285,1978,1978/6/7,First group stage,Scotland,1,1,Iran,,,,False
285,286,1978,1978/6/7,First group stage,Netherlands,0,0,Peru,,,,False
286,287,1978,1978/6/10,First group stage,France,3,1,Hungary,France,Hungary,,False
287,288,1978,1978/6/10,First group stage,Poland,3,1,Mexico,Poland,Mexico,,False
288,289,1978,1978/6/10,First group stage,Germany,0,0,Tunisia,,,,False
289,290,1978,1978/6/10,First group stage,Argentina,0,1,Italy,Italy,Argentina,,True
290,291,1978,1978/6/11,First group stage,Brazil,1,0,Austria,Brazil,Austria,,False
291,292,1978,1978/6/11,First group stage,Spain,1,0,Sweden,Spain,Sweden,,False
292,293,1978,1978/6/11,First group stage,Peru,4,1,Iran,Peru,Iran,,False
293,294,1978,1978/6/11,First group stage,Scotland,3,2,Netherlands,Scotland,Netherlands,,False
294,295,1978,1978/6/14,Second group stage,Germany,0,0,Italy,,,,False
295,296,1978,1978/6/14,Second group stage,Netherlands,5,1,Austria,Netherlands,Austria,,False
296,297,1978,1978/6/14,Second group stage,Brazil,3,0,Peru,Brazil,Peru,,False
297,298,1978,1978/6/14,Second group stage,Argentina,2,0,Poland,Argentina,Poland,,True
298,299,1978,1978/6/18,Second group stage,Poland,1,0,Peru,Poland,Peru,,False
299,300,1978,1978/6/18,Second group stage,Italy,1,0,Austria,Italy,Austria,,False
300,301,1978,1978/6/18,Second group stage,Germany,2,2,Netherlands,,,,False
301,302,1978,1978/6/18,Second group stage,Argentina,0,0,Brazil,,,,True
302,303,1978,1978/6/21,Second group stage,Netherlands,2,1,Italy,Netherlands,Italy,,False
303,304,1978,1978/6/21,Second group stage,Austria,3,2,Germany,Austria,Germany,,False
304,305,1978,1978/6/21,Second group stage,Brazil,3,1,Poland,Brazil,Poland,,False
305,306,1978,1978/6/21,Second group stage,Argentina,6,0,Peru,Argentina,Peru,,True
306,307,1978,1978/6/24,Third place,Brazil,2,1,Italy,Brazil,Italy,,False
307,308,1978,1978/6/25,Final,Argentina,3,1,Netherlands,Argentina,Netherlands,Extra time,True
308,309,1982,1982/6/13,First group stage,Argentina,0,1,Belgium,Belgium,Argentina,,False
309,310,1982,1982/6/14,First group stage,Italy,0,0,Poland,,,,False
310,311,1982,1982/6/14,First group stage,Brazil,2,1,Russia,Brazil,Russia,,False
311,312,1982,1982/6/15,First group stage,Peru,0,0,Cameroon,,,,False
312,313,1982,1982/6/15,First group stage,Hungary,10,1,El Salvador,Hungary,El Salvador,,False
313,314,1982,1982/6/15,First group stage,Scotland,5,2,New Zealand,Scotland,New Zealand,,False
314,315,1982,1982/6/16,First group stage,Germany,1,2,Algeria,Algeria,Germany,,False
315,316,1982,1982/6/16,First group stage,England,3,1,France,England,France,,False
316,317,1982,1982/6/16,First group stage,Spain,1,1,Honduras,,,,True
317,318,1982,1982/6/17,First group stage,Chile,0,1,Austria,Austria,Chile,,False
318,319,1982,1982/6/17,First group stage,Czechoslovakia,1,1,Kuwait,,,,False
319,320,1982,1982/6/17,First group stage,Yugoslavia,0,0,Northern Ireland,,,,False
320,321,1982,1982/6/18,First group stage,Italy,1,1,Peru,,,,False
321,322,1982,1982/6/18,First group stage,Argentina,4,1,Hungary,Argentina,Hungary,,False
322,323,1982,1982/6/18,First group stage,Brazil,4,1,Scotland,Brazil,Scotland,,False
323,324,1982,1982/6/19,First group stage,Poland,0,0,Cameroon,,,,False
324,325,1982,1982/6/19,First group stage,Belgium,1,0,El Salvador,Belgium,El Salvador,,False
325,326,1982,1982/6/19,First group stage,Russia,3,0,New Zealand,Russia,New Zealand,,False
326,327,1982,1982/6/20,First group stage,Germany,4,1,Chile,Germany,Chile,,False
327,328,1982,1982/6/20,First group stage,England,2,0,Czechoslovakia,England,Czechoslovakia,,False
328,329,1982,1982/6/20,First group stage,Spain,2,1,Yugoslavia,Spain,Yugoslavia,,True
329,330,1982,1982/6/21,First group stage,Algeria,0,2,Austria,Austria,Algeria,,False
330,331,1982,1982/6/21,First group stage,France,4,1,Kuwait,France,Kuwait,,False
331,332,1982,1982/6/21,First group stage,Honduras,1,1,Northern Ireland,,,,False
332,333,1982,1982/6/22,First group stage,Poland,5,1,Peru,Poland,Peru,,False
333,334,1982,1982/6/22,First group stage,Belgium,1,1,Hungary,,,,False
334,335,1982,1982/6/22,First group stage,Russia,2,2,Scotland,,,,False
335,336,1982,1982/6/23,First group stage,Italy,1,1,Cameroon,,,,False
336,337,1982,1982/6/23,First group stage,Argentina,2,0,El Salvador,Argentina,El Salvador,,False
337,338,1982,1982/6/23,First group stage,Brazil,4,0,New Zealand,Brazil,New Zealand,,False
338,339,1982,1982/6/24,First group stage,Algeria,3,2,Chile,Algeria,Chile,,False
339,340,1982,1982/6/24,First group stage,France,1,1,Czechoslovakia,,,,False
340,341,1982,1982/6/24,First group stage,Honduras,0,1,Yugoslavia,Yugoslavia,Honduras,,False
341,342,1982,1982/6/25,First group stage,Germany,1,0,Austria,Germany,Austria,,False
342,343,1982,1982/6/25,First group stage,England,1,0,Kuwait,England,Kuwait,,False
343,344,1982,1982/6/25,First group stage,Spain,0,1,Northern Ireland,Northern Ireland,Spain,,True
344,345,1982,1982/6/28,Second group stage,Austria,0,1,France,France,Austria,,False
345,346,1982,1982/6/28,Second group stage,Poland,3,0,Belgium,Poland,Belgium,,False
346,347,1982,1982/6/29,Second group stage,Italy,2,1,Argentina,Italy,Argentina,,False
347,348,1982,1982/6/29,Second group stage,Germany,0,0,England,,,,False
348,349,1982,1982/7/1,Second group stage,Austria,2,2,Northern Ireland,,,,False
349,350,1982,1982/7/1,Second group stage,Belgium,0,1,Russia,Russia,Belgium,,False
350,351,1982,1982/7/2,Second group stage,Argentina,1,3,Brazil,Brazil,Argentina,,False
351,352,1982,1982/7/2,Second group stage,Spain,1,2,Germany,Germany,Spain,,True
352,353,1982,1982/7/4,Second group stage,France,4,1,Northern Ireland,France,Northern Ireland,,False
353,354,1982,1982/7/4,Second group stage,Poland,0,0,Russia,,,,False
354,355,1982,1982/7/5,Second group stage,Italy,3,2,Brazil,Italy,Brazil,,False
355,356,1982,1982/7/5,Second group stage,Spain,0,0,England,,,,True
356,357,1982,1982/7/8,Semi-finals,Poland,0,2,Italy,Italy,Poland,,False
357,358,1982,1982/7/8,Semi-finals,Germany,3,3,France,,,Germany win on penalties (5 - 4),False
358,359,1982,1982/7/10,Third place,Poland,3,2,France,Poland,France,,False
359,360,1982,1982/7/11,Final,Italy,3,1,Germany,Italy,Germany,,False
360,361,1986,1986/5/31,Group stage,Bulgaria,1,1,Italy,,,,False
361,362,1986,1986/6/1,Group stage,Spain,0,1,Brazil,Brazil,Spain,,False
362,363,1986,1986/6/1,Group stage,Canada,0,1,France,France,Canada,,False
363,364,1986,1986/6/2,Group stage,Russia,6,0,Hungary,Russia,Hungary,,False
364,365,1986,1986/6/2,Group stage,Argentina,3,1,South Korea,Argentina,South Korea,,False
365,366,1986,1986/6/2,Group stage,Morocco,0,0,Poland,,,,False
366,367,1986,1986/6/3,Group stage,Algeria,1,1,Northern Ireland,,,,False
367,368,1986,1986/6/3,Group stage,Mexico,2,1,Belgium,Mexico,Belgium,,True
368,369,1986,1986/6/3,Group stage,Portugal,1,0,England,Portugal,England,,False
369,370,1986,1986/6/4,Group stage,Paraguay,1,0,Iraq,Paraguay,Iraq,,False
370,371,1986,1986/6/4,Group stage,Uruguay,1,1,Germany,,,,False
371,372,1986,1986/6/4,Group stage,Scotland,0,1,Denmark,Denmark,Scotland,,False
372,373,1986,1986/6/5,Group stage,Italy,1,1,Argentina,,,,False
373,374,1986,1986/6/5,Group stage,France,1,1,Russia,,,,False
374,375,1986,1986/6/5,Group stage,South Korea,1,1,Bulgaria,,,,False
375,376,1986,1986/6/6,Group stage,Hungary,2,0,Canada,Hungary,Canada,,False
376,377,1986,1986/6/6,Group stage,Brazil,1,0,Algeria,Brazil,Algeria,,False
377,378,1986,1986/6/6,Group stage,England,0,0,Morocco,,,,False
378,379,1986,1986/6/7,Group stage,Northern Ireland,1,2,Spain,Spain,Northern Ireland,,False
379,380,1986,1986/6/7,Group stage,Mexico,1,1,Paraguay,,,,True
380,381,1986,1986/6/7,Group stage,Poland,1,0,Portugal,Poland,Portugal,,False
381,382,1986,1986/6/8,Group stage,Iraq,1,2,Belgium,Belgium,Iraq,,False
382,383,1986,1986/6/8,Group stage,Germany,2,1,Scotland,Germany,Scotland,,False
383,384,1986,1986/6/8,Group stage,Denmark,6,1,Uruguay,Denmark,Uruguay,,False
384,385,1986,1986/6/9,Group stage,Hungary,0,3,France,France,Hungary,,False
385,386,1986,1986/6/9,Group stage,Russia,2,0,Canada,Russia,Canada,,False
386,387,1986,1986/6/10,Group stage,South Korea,2,3,Italy,Italy,South Korea,,False
387,388,1986,1986/6/10,Group stage,Argentina,2,0,Bulgaria,Argentina,Bulgaria,,False
388,389,1986,1986/6/11,Group stage,Paraguay,2,2,Belgium,,,,False
389,390,1986,1986/6/11,Group stage,Mexico,1,0,Iraq,Mexico,Iraq,,True
390,391,1986,1986/6/11,Group stage,Portugal,1,3,Morocco,Morocco,Portugal,,False
391,392,1986,1986/6/11,Group stage,England,3,0,Poland,England,Poland,,False
392,393,1986,1986/6/12,Group stage,Northern Ireland,0,3,Brazil,Brazil,Northern Ireland,,False
393,394,1986,1986/6/12,Group stage,Algeria,0,3,Spain,Spain,Algeria,,False
394,395,1986,1986/6/13,Group stage,Scotland,0,0,Uruguay,,,,False
395,396,1986,1986/6/13,Group stage,Denmark,2,0,Germany,Denmark,Germany,,False
396,397,1986,1986/6/15,Round of 16,Mexico,2,0,Bulgaria,Mexico,Bulgaria,,True
397,398,1986,1986/6/15,Round of 16,Russia,3,4,Belgium,Belgium,Russia,Extra time,False
398,399,1986,1986/6/16,Round of 16,Brazil,4,0,Poland,Brazil,Poland,,False
399,400,1986,1986/6/16,Round of 16,Argentina,1,0,Uruguay,Argentina,Uruguay,,False
400,401,1986,1986/6/17,Round of 16,Italy,0,2,France,France,Italy,,False
401,402,1986,1986/6/17,Round of 16,Morocco,0,1,Germany,Germany,Morocco,,False
402,403,1986,1986/6/18,Round of 16,England,3,0,Paraguay,England,Paraguay,,False
403,404,1986,1986/6/18,Round of 16,Denmark,1,5,Spain,Spain,Denmark,,False
404,405,1986,1986/6/21,Quarter-finals,Brazil,1,1,France,,,France win on penalties (3 - 4),False
405,406,1986,1986/6/21,Quarter-finals,Mexico,0,0,Germany,,,Germany win on penalties (4 - 1),True
406,407,1986,1986/6/22,Quarter-finals,Argentina,2,1,England,Argentina,England,,False
407,408,1986,1986/6/22,Quarter-finals,Spain,1,1,Belgium,,,Belgium win on penalties (4 - 5),False
408,409,1986,1986/6/25,Semi-finals,France,0,2,Germany,Germany,France,,False
409,410,1986,1986/6/25,Semi-finals,Argentina,2,0,Belgium,Argentina,Belgium,,False
410,411,1986,1986/6/28,Third place,France,4,2,Belgium,France,Belgium,Extra time,False
411,412,1986,1986/6/29,Final,Argentina,3,2,Germany,Argentina,Germany,,False
412,413,1990,1990/6/8,Group stage,Argentina,0,1,Cameroon,Cameroon,Argentina,,False
413,414,1990,1990/6/9,Group stage,Russia,0,2,Romania,Romania,Russia,,False
414,415,1990,1990/6/9,Group stage,United Arab Emirates,0,2,Colombia,Colombia,United Arab Emirates,,False
415,416,1990,1990/6/9,Group stage,Italy,1,0,Austria,Italy,Austria,,True
416,417,1990,1990/6/10,Group stage,United States,1,5,Czechoslovakia,Czechoslovakia,United States,,False
417,418,1990,1990/6/10,Group stage,Brazil,2,1,Sweden,Brazil,Sweden,,False
418,419,1990,1990/6/10,Group stage,Germany,4,1,Yugoslavia,Germany,Yugoslavia,,False
419,420,1990,1990/6/11,Group stage,Costa Rica,1,0,Scotland,Costa Rica,Scotland,,False
420,421,1990,1990/6/11,Group stage,England,1,1,Republic of Ireland,,,,False
421,422,1990,1990/6/12,Group stage,Belgium,2,0,South Korea,Belgium,South Korea,,False
422,423,1990,1990/6/12,Group stage,Netherlands,1,1,Egypt,,,,False
423,424,1990,1990/6/13,Group stage,Uruguay,0,0,Spain,,,,False
424,425,1990,1990/6/13,Group stage,Argentina,2,0,Russia,Argentina,Russia,,False
425,426,1990,1990/6/14,Group stage,Cameroon,2,1,Romania,Cameroon,Romania,,False
426,427,1990,1990/6/14,Group stage,Yugoslavia,1,0,Colombia,Yugoslavia,Colombia,,False
427,428,1990,1990/6/14,Group stage,Italy,1,0,United States,Italy,United States,,True
428,429,1990,1990/6/15,Group stage,Austria,0,1,Czechoslovakia,Czechoslovakia,Austria,,False
429,430,1990,1990/6/15,Group stage,Germany,5,1,United Arab Emirates,Germany,United Arab Emirates,,False
430,431,1990,1990/6/16,Group stage,Brazil,1,0,Costa Rica,Brazil,Costa Rica,,False
431,432,1990,1990/6/16,Group stage,Sweden,1,2,Scotland,Scotland,Sweden,,False
432,433,1990,1990/6/16,Group stage,England,0,0,Netherlands,,,,False
433,434,1990,1990/6/17,Group stage,Republic of Ireland,0,0,Egypt,,,,False
434,435,1990,1990/6/17,Group stage,South Korea,1,3,Spain,Spain,South Korea,,False
435,436,1990,1990/6/17,Group stage,Belgium,3,1,Uruguay,Belgium,Uruguay,,False
436,437,1990,1990/6/18,Group stage,Argentina,1,1,Romania,,,,False
437,438,1990,1990/6/18,Group stage,Cameroon,0,4,Russia,Russia,Cameroon,,False
438,439,1990,1990/6/19,Group stage,Germany,1,1,Colombia,,,,False
439,440,1990,1990/6/19,Group stage,Yugoslavia,4,1,United Arab Emirates,Yugoslavia,United Arab Emirates,,False
440,441,1990,1990/6/19,Group stage,Italy,2,0,Czechoslovakia,Italy,Czechoslovakia,,True
441,442,1990,1990/6/19,Group stage,Austria,2,1,United States,Austria,United States,,False
442,443,1990,1990/6/20,Group stage,Brazil,1,0,Scotland,Brazil,Scotland,,False
443,444,1990,1990/6/20,Group stage,Sweden,1,2,Costa Rica,Costa Rica,Sweden,,False
444,445,1990,1990/6/21,Group stage,South Korea,0,1,Uruguay,Uruguay,South Korea,,False
445,446,1990,1990/6/21,Group stage,Belgium,1,2,Spain,Spain,Belgium,,False
446,447,1990,1990/6/21,Group stage,Republic of Ireland,1,1,Netherlands,,,,False
447,448,1990,1990/6/21,Group stage,England,1,0,Egypt,England,Egypt,,False
448,449,1990,1990/6/23,Round of 16,Cameroon,2,1,Colombia,Cameroon,Colombia,Extra time,False
449,450,1990,1990/6/23,Round of 16,Czechoslovakia,4,1,Costa Rica,Czechoslovakia,Costa Rica,,False
450,451,1990,1990/6/24,Round of 16,Brazil,0,1,Argentina,Argentina,Brazil,,False
451,452,1990,1990/6/24,Round of 16,Germany,2,1,Netherlands,Germany,Netherlands,,False
452,453,1990,1990/6/25,Round of 16,Republic of Ireland,0,0,Romania,,,Republic of Ireland win on penalties (5 - 4),False
453,454,1990,1990/6/25,Round of 16,Italy,2,0,Uruguay,Italy,Uruguay,,True
454,455,1990,1990/6/26,Round of 16,Spain,1,2,Yugoslavia,Yugoslavia,Spain,Extra time,False
455,456,1990,1990/6/26,Round of 16,England,1,0,Belgium,England,Belgium,Extra time,False
456,457,1990,1990/6/30,Quarter-finals,Yugoslavia,0,0,Argentina,,,Argentina win on penalties (2 - 3),False
457,458,1990,1990/6/30,Quarter-finals,Italy,1,0,Republic of Ireland,Italy,Republic of Ireland,,True
458,459,1990,1990/7/1,Quarter-finals,Germany,1,0,Czechoslovakia,Germany,Czechoslovakia,,False
459,460,1990,1990/7/1,Quarter-finals,England,3,2,Cameroon,England,Cameroon,Extra time,False
460,461,1990,1990/7/3,Semi-finals,Italy,1,1,Argentina,,,Argentina win on penalties (3 - 4),True
461,462,1990,1990/7/4,Semi-finals,Germany,1,1,England,,,Germany win on penalties (4 - 3),False
462,463,1990,1990/7/7,Third place,Italy,2,1,England,Italy,England,,True
463,464,1990,1990/7/8,Final,Germany,1,0,Argentina,Germany,Argentina,,False
464,465,1994,1994/6/17,Group stage,Germany,1,0,Bolivia,Germany,Bolivia,,False
465,466,1994,1994/6/17,Group stage,Spain,2,2,South Korea,,,,False
466,467,1994,1994/6/18,Group stage,United States,1,1,Switzerland,,,,True
467,468,1994,1994/6/18,Group stage,Italy,0,1,Republic of Ireland,Republic of Ireland,Italy,,False
468,469,1994,1994/6/18,Group stage,Colombia,1,3,Romania,Romania,Colombia,,False
469,470,1994,1994/6/19,Group stage,Belgium,1,0,Morocco,Belgium,Morocco,,False
470,471,1994,1994/6/19,Group stage,Norway,1,0,Mexico,Norway,Mexico,,False
471,472,1994,1994/6/19,Group stage,Cameroon,2,2,Sweden,,,,False
472,473,1994,1994/6/20,Group stage,Brazil,2,0,Russia,Brazil,Russia,,False
473,474,1994,1994/6/20,Group stage,Netherlands,2,1,Saudi Arabia,Netherlands,Saudi Arabia,,False
474,475,1994,1994/6/21,Group stage,Argentina,4,0,Greece,Argentina,Greece,,False
475,476,1994,1994/6/21,Group stage,Germany,1,1,Spain,,,,False
476,477,1994,1994/6/21,Group stage,Nigeria,3,0,Bulgaria,Nigeria,Bulgaria,,False
477,478,1994,1994/6/22,Group stage,Romania,1,4,Switzerland,Switzerland,Romania,,False
478,479,1994,1994/6/22,Group stage,United States,2,1,Colombia,United States,Colombia,,True
479,480,1994,1994/6/23,Group stage,Italy,1,0,Norway,Italy,Norway,,False
480,481,1994,1994/6/23,Group stage,South Korea,0,0,Bolivia,,,,False
481,482,1994,1994/6/24,Group stage,Mexico,2,1,Republic of Ireland,Mexico,Republic of Ireland,,False
482,483,1994,1994/6/24,Group stage,Brazil,3,0,Cameroon,Brazil,Cameroon,,False
483,484,1994,1994/6/24,Group stage,Sweden,3,1,Russia,Sweden,Russia,,False
484,485,1994,1994/6/25,Group stage,Belgium,1,0,Netherlands,Belgium,Netherlands,,False
485,486,1994,1994/6/25,Group stage,Saudi Arabia,2,1,Morocco,Saudi Arabia,Morocco,,False
486,487,1994,1994/6/25,Group stage,Argentina,2,1,Nigeria,Argentina,Nigeria,,False
487,488,1994,1994/6/26,Group stage,Bulgaria,4,0,Greece,Bulgaria,Greece,,False
488,489,1994,1994/6/26,Group stage,United States,0,1,Romania,Romania,United States,,True
489,490,1994,1994/6/26,Group stage,Switzerland,0,2,Colombia,Colombia,Switzerland,,False
490,491,1994,1994/6/27,Group stage,Germany,3,2,South Korea,Germany,South Korea,,False
491,492,1994,1994/6/27,Group stage,Bolivia,1,3,Spain,Spain,Bolivia,,False
492,493,1994,1994/6/28,Group stage,Republic of Ireland,0,0,Norway,,,,False
493,494,1994,1994/6/28,Group stage,Italy,1,1,Mexico,,,,False
494,495,1994,1994/6/28,Group stage,Brazil,1,1,Sweden,,,,False
495,496,1994,1994/6/28,Group stage,Russia,6,1,Cameroon,Russia,Cameroon,,False
496,497,1994,1994/6/29,Group stage,Morocco,1,2,Netherlands,Netherlands,Morocco,,False
497,498,1994,1994/6/29,Group stage,Belgium,0,1,Saudi Arabia,Saudi Arabia,Belgium,,False
498,499,1994,1994/6/30,Group stage,Greece,0,2,Nigeria,Nigeria,Greece,,False
499,500,1994,1994/6/30,Group stage,Argentina,0,2,Bulgaria,Bulgaria,Argentina,,False
500,501,1994,1994/7/2,Round of 16,Germany,3,2,Belgium,Germany,Belgium,,False
501,502,1994,1994/7/2,Round of 16,Spain,3,0,Switzerland,Spain,Switzerland,,False
502,503,1994,1994/7/3,Round of 16,Saudi Arabia,1,3,Sweden,Sweden,Saudi Arabia,,False
503,504,1994,1994/7/3,Round of 16,Romania,3,2,Argentina,Romania,Argentina,,False
504,505,1994,1994/7/4,Round of 16,Netherlands,2,0,Republic of Ireland,Netherlands,Republic of Ireland,,False
505,506,1994,1994/7/4,Round of 16,United States,0,1,Brazil,Brazil,United States,,True
506,507,1994,1994/7/5,Round of 16,Nigeria,1,2,Italy,Italy,Nigeria,Extra time,False
507,508,1994,1994/7/5,Round of 16,Mexico,1,1,Bulgaria,,,Bulgaria win on penalties (1 - 3),False
508,509,1994,1994/7/9,Quarter-finals,Italy,2,1,Spain,Italy,Spain,,False
509,510,1994,1994/7/9,Quarter-finals,Netherlands,2,3,Brazil,Brazil,Netherlands,,False
510,511,1994,1994/7/10,Quarter-finals,Bulgaria,2,1,Germany,Bulgaria,Germany,,False
511,512,1994,1994/7/10,Quarter-finals,Romania,2,2,Sweden,,,Sweden win on penalties (4 - 5),False
512,513,1994,1994/7/13,Semi-finals,Bulgaria,1,2,Italy,Italy,Bulgaria,,False
513,514,1994,1994/7/13,Semi-finals,Sweden,0,1,Brazil,Brazil,Sweden,,False
514,515,1994,1994/7/16,Third place,Sweden,4,0,Bulgaria,Sweden,Bulgaria,,False
515,516,1994,1994/7/17,Final,Brazil,0,0,Italy,,,Brazil win on penalties (3 - 2),False
516,517,1998,1998/6/10,Group stage,Brazil,2,1,Scotland,Brazil,Scotland,,False
517,518,1998,1998/6/10,Group stage,Morocco,2,2,Norway,,,,False
518,519,1998,1998/6/11,Group stage,Italy,2,2,Chile,,,,False
519,520,1998,1998/6/11,Group stage,Cameroon,1,1,Austria,,,,False
520,521,1998,1998/6/12,Group stage,Paraguay,0,0,Bulgaria,,,,False
521,522,1998,1998/6/12,Group stage,Saudi Arabia,0,1,Denmark,Denmark,Saudi Arabia,,False
522,523,1998,1998/6/12,Group stage,France,3,0,South Africa,France,South Africa,,True
523,524,1998,1998/6/13,Group stage,Spain,2,3,Nigeria,Nigeria,Spain,,False
524,525,1998,1998/6/13,Group stage,South Korea,1,3,Mexico,Mexico,South Korea,,False
525,526,1998,1998/6/13,Group stage,Netherlands,0,0,Belgium,,,,False
526,527,1998,1998/6/14,Group stage,Argentina,1,0,Japan,Argentina,Japan,,False
527,528,1998,1998/6/14,Group stage,Yugoslavia,1,0,Iran,Yugoslavia,Iran,,False
528,529,1998,1998/6/14,Group stage,Jamaica,1,3,Croatia,Croatia,Jamaica,,False
529,530,1998,1998/6/15,Group stage,England,2,0,Tunisia,England,Tunisia,,False
530,531,1998,1998/6/15,Group stage,Romania,1,0,Colombia,Romania,Colombia,,False
531,532,1998,1998/6/15,Group stage,Germany,2,0,United States,Germany,United States,,False
532,533,1998,1998/6/16,Group stage,Scotland,1,1,Norway,,,,False
533,534,1998,1998/6/16,Group stage,Brazil,3,0,Morocco,Brazil,Morocco,,False
534,535,1998,1998/6/17,Group stage,Chile,1,1,Austria,,,,False
535,536,1998,1998/6/17,Group stage,Italy,3,0,Cameroon,Italy,Cameroon,,False
536,537,1998,1998/6/18,Group stage,South Africa,1,1,Denmark,,,,False
537,538,1998,1998/6/18,Group stage,France,4,0,Saudi Arabia,France,Saudi Arabia,,True
538,539,1998,1998/6/19,Group stage,Nigeria,1,0,Bulgaria,Nigeria,Bulgaria,,False
539,540,1998,1998/6/19,Group stage,Spain,0,0,Paraguay,,,,False
540,541,1998,1998/6/20,Group stage,Japan,0,1,Croatia,Croatia,Japan,,False
541,542,1998,1998/6/20,Group stage,Belgium,2,2,Mexico,,,,False
542,543,1998,1998/6/20,Group stage,Netherlands,5,0,South Korea,Netherlands,South Korea,,False
543,544,1998,1998/6/21,Group stage,Germany,2,2,Yugoslavia,,,,False
544,545,1998,1998/6/21,Group stage,Argentina,5,0,Jamaica,Argentina,Jamaica,,False
545,546,1998,1998/6/21,Group stage,United States,1,2,Iran,Iran,United States,,False
546,547,1998,1998/6/22,Group stage,Colombia,1,0,Tunisia,Colombia,Tunisia,,False
547,548,1998,1998/6/22,Group stage,Romania,2,1,England,Romania,England,,False
548,549,1998,1998/6/23,Group stage,Italy,2,1,Austria,Italy,Austria,,False
549,550,1998,1998/6/23,Group stage,Chile,1,1,Cameroon,,,,False
550,551,1998,1998/6/23,Group stage,Scotland,0,3,Morocco,Morocco,Scotland,,False
551,552,1998,1998/6/23,Group stage,Brazil,1,2,Norway,Norway,Brazil,,False
552,553,1998,1998/6/24,Group stage,France,2,1,Denmark,France,Denmark,,True
553,554,1998,1998/6/24,Group stage,South Africa,2,2,Saudi Arabia,,,,False
554,555,1998,1998/6/24,Group stage,Spain,6,1,Bulgaria,Spain,Bulgaria,,False
555,556,1998,1998/6/24,Group stage,Nigeria,1,3,Paraguay,Paraguay,Nigeria,,False
556,557,1998,1998/6/25,Group stage,Belgium,1,1,South Korea,,,,False
557,558,1998,1998/6/25,Group stage,Netherlands,2,2,Mexico,,,,False
558,559,1998,1998/6/25,Group stage,Germany,2,0,Iran,Germany,Iran,,False
559,560,1998,1998/6/25,Group stage,United States,0,1,Yugoslavia,Yugoslavia,United States,,False
560,561,1998,1998/6/26,Group stage,Japan,1,2,Jamaica,Jamaica,Japan,,False
561,562,1998,1998/6/26,Group stage,Argentina,1,0,Croatia,Argentina,Croatia,,False
562,563,1998,1998/6/26,Group stage,Romania,1,1,Tunisia,,,,False
563,564,1998,1998/6/26,Group stage,Colombia,0,2,England,England,Colombia,,False
564,565,1998,1998/6/27,Round of 16,Italy,1,0,Norway,Italy,Norway,,False
565,566,1998,1998/6/27,Round of 16,Brazil,4,1,Chile,Brazil,Chile,,False
566,567,1998,1998/6/28,Round of 16,France,1,0,Paraguay,France,Paraguay,Extra time,True
567,568,1998,1998/6/28,Round of 16,Nigeria,1,4,Denmark,Denmark,Nigeria,,False
568,569,1998,1998/6/29,Round of 16,Germany,2,1,Mexico,Germany,Mexico,,False
569,570,1998,1998/6/29,Round of 16,Netherlands,2,1,Yugoslavia,Netherlands,Yugoslavia,,False
570,571,1998,1998/6/30,Round of 16,Romania,0,1,Croatia,Croatia,Romania,,False
571,572,1998,1998/6/30,Round of 16,Argentina,2,2,England,,,Argentina win on penalties (4 - 3),False
572,573,1998,1998/7/3,Quarter-finals,France,0,0,Italy,,,France win on penalties (3 - 4),True
573,574,1998,1998/7/3,Quarter-finals,Brazil,3,2,Denmark,Brazil,Denmark,,False
574,575,1998,1998/7/4,Quarter-finals,Netherlands,2,1,Argentina,Netherlands,Argentina,,False
575,576,1998,1998/7/4,Quarter-finals,Germany,0,3,Croatia,Croatia,Germany,,False
576,577,1998,1998/7/7,Semi-finals,Brazil,1,1,Netherlands,,,Brazil win on penalties (4 - 2),False
577,578,1998,1998/7/8,Semi-finals,France,2,1,Croatia,France,Croatia,,True
578,579,1998,1998/7/11,Third place,Netherlands,1,2,Croatia,Croatia,Netherlands,,False
579,580,1998,1998/7/12,Final,France,3,0,Brazil,France,Brazil,,True
580,581,2002,2002/5/31,Group stage,France,0,1,Senegal,Senegal,France,,False
581,582,2002,2002/6/1,Group stage,Republic of Ireland,1,1,Cameroon,,,,False
582,583,2002,2002/6/1,Group stage,Uruguay,1,2,Denmark,Denmark,Uruguay,,False
583,584,2002,2002/6/1,Group stage,Germany,8,0,Saudi Arabia,Germany,Saudi Arabia,,False
584,585,2002,2002/6/2,Group stage,Argentina,1,0,Nigeria,Argentina,Nigeria,,False
585,586,2002,2002/6/2,Group stage,Paraguay,2,2,South Africa,,,,False
586,587,2002,2002/6/2,Group stage,England,1,1,Sweden,,,,False
587,588,2002,2002/6/2,Group stage,Spain,3,1,Slovenia,Spain,Slovenia,,False
588,589,2002,2002/6/3,Group stage,Croatia,0,1,Mexico,Mexico,Croatia,,False
589,590,2002,2002/6/3,Group stage,Brazil,2,1,Turkey,Brazil,Turkey,,False
590,591,2002,2002/6/3,Group stage,Italy,2,0,Ecuador,Italy,Ecuador,,False
591,592,2002,2002/6/4,Group stage,China,0,2,Costa Rica,Costa Rica,China,,False
592,593,2002,2002/6/4,Group stage,Japan,2,2,Belgium,,,,True
593,594,2002,2002/6/4,Group stage,South Korea,2,0,Poland,South Korea,Poland,,True
594,595,2002,2002/6/5,Group stage,Russia,2,0,Tunisia,Russia,Tunisia,,False
595,596,2002,2002/6/5,Group stage,United States,3,2,Portugal,United States,Portugal,,False
596,597,2002,2002/6/5,Group stage,Germany,1,1,Republic of Ireland,,,,False
597,598,2002,2002/6/6,Group stage,Denmark,1,1,Senegal,,,,False
598,599,2002,2002/6/6,Group stage,Cameroon,1,0,Saudi Arabia,Cameroon,Saudi Arabia,,False
599,600,2002,2002/6/6,Group stage,France,0,0,Uruguay,,,,False
600,601,2002,2002/6/7,Group stage,Sweden,2,1,Nigeria,Sweden,Nigeria,,False
601,602,2002,2002/6/7,Group stage,Spain,3,1,Paraguay,Spain,Paraguay,,False
602,603,2002,2002/6/7,Group stage,Argentina,0,1,England,England,Argentina,,False
603,604,2002,2002/6/8,Group stage,South Africa,1,0,Slovenia,South Africa,Slovenia,,False
604,605,2002,2002/6/8,Group stage,Italy,1,2,Croatia,Croatia,Italy,,False
605,606,2002,2002/6/8,Group stage,Brazil,4,0,China,Brazil,China,,False
606,607,2002,2002/6/9,Group stage,Mexico,2,1,Ecuador,Mexico,Ecuador,,False
607,608,2002,2002/6/9,Group stage,Costa Rica,1,1,Turkey,,,,False
608,609,2002,2002/6/9,Group stage,Japan,1,0,Russia,Japan,Russia,,True
609,610,2002,2002/6/10,Group stage,South Korea,1,1,United States,,,,True
610,611,2002,2002/6/10,Group stage,Tunisia,1,1,Belgium,,,,False
611,612,2002,2002/6/10,Group stage,Portugal,4,0,Poland,Portugal,Poland,,False
612,613,2002,2002/6/11,Group stage,Denmark,2,0,France,Denmark,France,,False
613,614,2002,2002/6/11,Group stage,Senegal,3,3,Uruguay,,,,False
614,615,2002,2002/6/11,Group stage,Saudi Arabia,0,3,Republic of Ireland,Republic of Ireland,Saudi Arabia,,False
615,616,2002,2002/6/11,Group stage,Cameroon,0,2,Germany,Germany,Cameroon,,False
616,617,2002,2002/6/12,Group stage,Sweden,1,1,Argentina,,,,False
617,618,2002,2002/6/12,Group stage,Nigeria,0,0,England,,,,False
618,619,2002,2002/6/12,Group stage,Slovenia,1,3,Paraguay,Paraguay,Slovenia,,False
619,620,2002,2002/6/12,Group stage,South Africa,2,3,Spain,Spain,South Africa,,False
620,621,2002,2002/6/13,Group stage,Costa Rica,2,5,Brazil,Brazil,Costa Rica,,False
621,622,2002,2002/6/13,Group stage,Turkey,3,0,China,Turkey,China,,False
622,623,2002,2002/6/13,Group stage,Ecuador,1,0,Croatia,Ecuador,Croatia,,False
623,624,2002,2002/6/13,Group stage,Mexico,1,1,Italy,,,,False
624,625,2002,2002/6/14,Group stage,Japan,2,0,Tunisia,Japan,Tunisia,,True
625,626,2002,2002/6/14,Group stage,Belgium,3,2,Russia,Belgium,Russia,,False
626,627,2002,2002/6/14,Group stage,South Korea,1,0,Portugal,South Korea,Portugal,,True
627,628,2002,2002/6/14,Group stage,Poland,3,1,United States,Poland,United States,,False
628,629,2002,2002/6/15,Round of 16,Germany,1,0,Paraguay,Germany,Paraguay,,False
629,630,2002,2002/6/15,Round of 16,Denmark,0,3,England,England,Denmark,,False
630,631,2002,2002/6/16,Round of 16,Sweden,1,2,Senegal,Senegal,Sweden,Golden goal,False
631,632,2002,2002/6/16,Round of 16,Spain,1,1,Republic of Ireland,,,Spain win on penalties (3 - 2),False
632,633,2002,2002/6/17,Round of 16,Mexico,0,2,United States,United States,Mexico,,False
633,634,2002,2002/6/17,Round of 16,Brazil,2,0,Belgium,Brazil,Belgium,,False
634,635,2002,2002/6/18,Round of 16,Japan,0,1,Turkey,Turkey,Japan,,True
635,636,2002,2002/6/18,Round of 16,South Korea,2,1,Italy,South Korea,Italy,Golden goal,True
636,637,2002,2002/6/21,Quarter-finals,England,1,2,Brazil,Brazil,England,,False
637,638,2002,2002/6/21,Quarter-finals,Germany,1,0,United States,Germany,United States,,False
638,639,2002,2002/6/22,Quarter-finals,South Korea,0,0,Spain,,,South Korea win on penalties (3 - 5),True
639,640,2002,2002/6/22,Quarter-finals,Senegal,0,1,Turkey,Turkey,Senegal,Golden goal,False
640,641,2002,2002/6/25,Semi-finals,South Korea,0,1,Germany,Germany,South Korea,,True
641,642,2002,2002/6/26,Semi-finals,Brazil,1,0,Turkey,Brazil,Turkey,,False
642,643,2002,2002/6/29,Third place,South Korea,2,3,Turkey,Turkey,South Korea,,True
643,644,2002,2002/6/30,Final,Germany,0,2,Brazil,Brazil,Germany,,False
644,645,2006,2006/6/9,Group stage,Germany,4,2,Costa Rica,Germany,Costa Rica,,True
645,646,2006,2006/6/9,Group stage,Poland,0,2,Ecuador,Ecuador,Poland,,False
646,647,2006,2006/6/10,Group stage,England,1,0,Paraguay,England,Paraguay,,False
647,648,2006,2006/6/10,Group stage,Trinidad and Tobago,0,0,Sweden,,,,False
648,649,2006,2006/6/10,Group stage,Argentina,2,1,Ivory Coast,Argentina,Ivory Coast,,False
649,650,2006,2006/6/11,Group stage,Serbia,0,1,Netherlands,Netherlands,Serbia,,False
650,651,2006,2006/6/11,Group stage,Mexico,3,1,Iran,Mexico,Iran,,False
651,652,2006,2006/6/11,Group stage,Angola,0,1,Portugal,Portugal,Angola,,False
652,653,2006,2006/6/12,Group stage,Australia,3,1,Japan,Australia,Japan,,False
653,654,2006,2006/6/12,Group stage,United States,0,3,Czech Republic,Czech Republic,United States,,False
654,655,2006,2006/6/12,Group stage,Italy,2,0,Ghana,Italy,Ghana,,False
655,656,2006,2006/6/13,Group stage,South Korea,2,1,Togo,South Korea,Togo,,False
656,657,2006,2006/6/13,Group stage,France,0,0,Switzerland,,,,False
657,658,2006,2006/6/13,Group stage,Brazil,1,0,Croatia,Brazil,Croatia,,False
658,659,2006,2006/6/14,Group stage,Spain,4,0,Ukraine,Spain,Ukraine,,False
659,660,2006,2006/6/14,Group stage,Tunisia,2,2,Saudi Arabia,,,,False
660,661,2006,2006/6/14,Group stage,Germany,1,0,Poland,Germany,Poland,,True
661,662,2006,2006/6/15,Group stage,Ecuador,3,0,Costa Rica,Ecuador,Costa Rica,,False
662,663,2006,2006/6/15,Group stage,England,2,0,Trinidad and Tobago,England,Trinidad and Tobago,,False
663,664,2006,2006/6/15,Group stage,Sweden,1,0,Paraguay,Sweden,Paraguay,,False
664,665,2006,2006/6/16,Group stage,Argentina,6,0,Serbia,Argentina,Serbia,,False
665,666,2006,2006/6/16,Group stage,Netherlands,2,1,Ivory Coast,Netherlands,Ivory Coast,,False
666,667,2006,2006/6/16,Group stage,Mexico,0,0,Angola,,,,False
667,668,2006,2006/6/17,Group stage,Portugal,2,0,Iran,Portugal,Iran,,False
668,669,2006,2006/6/17,Group stage,Czech Republic,0,2,Ghana,Ghana,Czech Republic,,False
669,670,2006,2006/6/17,Group stage,Italy,1,1,United States,,,,False
670,671,2006,2006/6/18,Group stage,Japan,0,0,Croatia,,,,False
671,672,2006,2006/6/18,Group stage,Brazil,2,0,Australia,Brazil,Australia,,False
672,673,2006,2006/6/18,Group stage,France,1,1,South Korea,,,,False
673,674,2006,2006/6/19,Group stage,Togo,0,2,Switzerland,Switzerland,Togo,,False
674,675,2006,2006/6/19,Group stage,Saudi Arabia,0,4,Ukraine,Ukraine,Saudi Arabia,,False
675,676,2006,2006/6/19,Group stage,Spain,3,1,Tunisia,Spain,Tunisia,,False
676,677,2006,2006/6/20,Group stage,Germany,3,0,Ecuador,Germany,Ecuador,,True
677,678,2006,2006/6/20,Group stage,Costa Rica,1,2,Poland,Poland,Costa Rica,,False
678,679,2006,2006/6/20,Group stage,Sweden,2,2,England,,,,False
679,680,2006,2006/6/20,Group stage,Paraguay,2,0,Trinidad and Tobago,Paraguay,Trinidad and Tobago,,False
680,681,2006,2006/6/21,Group stage,Iran,1,1,Angola,,,,False
681,682,2006,2006/6/21,Group stage,Portugal,2,1,Mexico,Portugal,Mexico,,False
682,683,2006,2006/6/21,Group stage,Netherlands,0,0,Argentina,,,,False
683,684,2006,2006/6/21,Group stage,Ivory Coast,3,2,Serbia,Ivory Coast,Serbia,,False
684,685,2006,2006/6/22,Group stage,Czech Republic,0,2,Italy,Italy,Czech Republic,,False
685,686,2006,2006/6/22,Group stage,Ghana,2,1,United States,Ghana,United States,,False
686,687,2006,2006/6/22,Group stage,Japan,1,4,Brazil,Brazil,Japan,,False
687,688,2006,2006/6/22,Group stage,Croatia,2,2,Australia,,,,False
688,689,2006,2006/6/23,Group stage,Ukraine,1,0,Tunisia,Ukraine,Tunisia,,False
689,690,2006,2006/6/23,Group stage,Saudi Arabia,0,1,Spain,Spain,Saudi Arabia,,False
690,691,2006,2006/6/23,Group stage,Togo,0,2,France,France,Togo,,False
691,692,2006,2006/6/23,Group stage,Switzerland,2,0,South Korea,Switzerland,South Korea,,False
692,693,2006,2006/6/24,Round of 16,Germany,2,0,Sweden,Germany,Sweden,,True
693,694,2006,2006/6/24,Round of 16,Argentina,2,1,Mexico,Argentina,Mexico,Extra time,False
694,695,2006,2006/6/25,Round of 16,England,1,0,Ecuador,England,Ecuador,,False
695,696,2006,2006/6/25,Round of 16,Portugal,1,0,Netherlands,Portugal,Netherlands,,False
696,697,2006,2006/6/26,Round of 16,Italy,1,0,Australia,Italy,Australia,,False
697,698,2006,2006/6/26,Round of 16,Switzerland,0,0,Ukraine,,,Ukraine win on penalties (0 - 3),False
698,699,2006,2006/6/27,Round of 16,Brazil,3,0,Ghana,Brazil,Ghana,,False
699,700,2006,2006/6/27,Round of 16,Spain,1,3,France,France,Spain,,False
700,701,2006,2006/6/30,Quarter-finals,Germany,1,1,Argentina,,,Germany win on penalties (4 - 2),True
701,702,2006,2006/6/30,Quarter-finals,Italy,3,0,Ukraine,Italy,Ukraine,,False
702,703,2006,2006/7/1,Quarter-finals,England,0,0,Portugal,,,Portugal win on penalties (1 - 3),False
703,704,2006,2006/7/1,Quarter-finals,Brazil,0,1,France,France,Brazil,,False
704,705,2006,2006/7/4,Semi-finals,Germany,0,2,Italy,Italy,Germany,Extra time,True
705,706,2006,2006/7/5,Semi-finals,Portugal,0,1,France,France,Portugal,,False
706,707,2006,2006/7/8,Third place,Germany,3,1,Portugal,Germany,Portugal,,True
707,708,2006,2006/7/9,Final,Italy,1,1,France,,,Italy win on penalties (5 - 3),False
708,709,2010,2010/6/11,Group stage,South Africa,1,1,Mexico,,,,True
709,710,2010,2010/6/11,Group stage,Uruguay,0,0,France,,,,False
710,711,2010,2010/6/12,Group stage,South Korea,2,0,Greece,South Korea,Greece,,False
711,712,2010,2010/6/12,Group stage,Argentina,1,0,Nigeria,Argentina,Nigeria,,False
712,713,2010,2010/6/12,Group stage,England,1,1,United States,,,,False
713,714,2010,2010/6/13,Group stage,Algeria,0,1,Slovenia,Slovenia,Algeria,,False
714,715,2010,2010/6/13,Group stage,Serbia,0,1,Ghana,Ghana,Serbia,,False
715,716,2010,2010/6/13,Group stage,Germany,4,0,Australia,Germany,Australia,,False
716,717,2010,2010/6/14,Group stage,Netherlands,2,0,Denmark,Netherlands,Denmark,,False
717,718,2010,2010/6/14,Group stage,Japan,1,0,Cameroon,Japan,Cameroon,,False
718,719,2010,2010/6/14,Group stage,Italy,1,1,Paraguay,,,,False
719,720,2010,2010/6/15,Group stage,New Zealand,1,1,Slovakia,,,,False
720,721,2010,2010/6/15,Group stage,Ivory Coast,0,0,Portugal,,,,False
721,722,2010,2010/6/15,Group stage,Brazil,2,1,North Korea,Brazil,North Korea,,False
722,723,2010,2010/6/16,Group stage,Honduras,0,1,Chile,Chile,Honduras,,False
723,724,2010,2010/6/16,Group stage,Spain,0,1,Switzerland,Switzerland,Spain,,False
724,725,2010,2010/6/16,Group stage,South Africa,0,3,Uruguay,Uruguay,South Africa,,True
725,726,2010,2010/6/17,Group stage,Argentina,4,1,South Korea,Argentina,South Korea,,False
726,727,2010,2010/6/17,Group stage,Greece,2,1,Nigeria,Greece,Nigeria,,False
727,728,2010,2010/6/17,Group stage,France,0,2,Mexico,Mexico,France,,False
728,729,2010,2010/6/18,Group stage,Germany,0,1,Serbia,Serbia,Germany,,False
729,730,2010,2010/6/18,Group stage,Slovenia,2,2,United States,,,,False
730,731,2010,2010/6/18,Group stage,England,0,0,Algeria,,,,False
731,732,2010,2010/6/19,Group stage,Netherlands,1,0,Japan,Netherlands,Japan,,False
732,733,2010,2010/6/19,Group stage,Ghana,1,1,Australia,,,,False
733,734,2010,2010/6/19,Group stage,Cameroon,1,2,Denmark,Denmark,Cameroon,,False
734,735,2010,2010/6/20,Group stage,Slovakia,0,2,Paraguay,Paraguay,Slovakia,,False
735,736,2010,2010/6/20,Group stage,Italy,1,1,New Zealand,,,,False
736,737,2010,2010/6/20,Group stage,Brazil,3,1,Ivory Coast,Brazil,Ivory Coast,,False
737,738,2010,2010/6/21,Group stage,Portugal,7,0,North Korea,Portugal,North Korea,,False
738,739,2010,2010/6/21,Group stage,Chile,1,0,Switzerland,Chile,Switzerland,,False
739,740,2010,2010/6/21,Group stage,Spain,2,0,Honduras,Spain,Honduras,,False
740,741,2010,2010/6/22,Group stage,Mexico,0,1,Uruguay,Uruguay,Mexico,,False
741,742,2010,2010/6/22,Group stage,South Africa,2,1,France,South Africa,France,,True
742,743,2010,2010/6/22,Group stage,Nigeria,2,2,South Korea,,,,False
743,744,2010,2010/6/22,Group stage,Greece,0,2,Argentina,Argentina,Greece,,False
744,745,2010,2010/6/23,Group stage,Slovenia,0,1,England,England,Slovenia,,False
745,746,2010,2010/6/23,Group stage,United States,1,0,Algeria,United States,Algeria,,False
746,747,2010,2010/6/23,Group stage,Ghana,0,1,Germany,Germany,Ghana,,False
747,748,2010,2010/6/23,Group stage,Australia,2,1,Serbia,Australia,Serbia,,False
748,749,2010,2010/6/24,Group stage,Slovakia,3,2,Italy,Slovakia,Italy,,False
749,750,2010,2010/6/24,Group stage,Paraguay,0,0,New Zealand,,,,False
750,751,2010,2010/6/24,Group stage,Denmark,1,3,Japan,Japan,Denmark,,False
751,752,2010,2010/6/24,Group stage,Cameroon,1,2,Netherlands,Netherlands,Cameroon,,False
752,753,2010,2010/6/25,Group stage,Portugal,0,0,Brazil,,,,False
753,754,2010,2010/6/25,Group stage,North Korea,0,3,Ivory Coast,Ivory Coast,North Korea,,False
754,755,2010,2010/6/25,Group stage,Chile,1,2,Spain,Spain,Chile,,False
755,756,2010,2010/6/25,Group stage,Switzerland,0,0,Honduras,,,,False
756,757,2010,2010/6/26,Round of 16,Uruguay,2,1,South Korea,Uruguay,South Korea,,False
757,758,2010,2010/6/26,Round of 16,United States,1,2,Ghana,Ghana,United States,Extra time,False
758,759,2010,2010/6/27,Round of 16,Germany,4,1,England,Germany,England,,False
759,760,2010,2010/6/27,Round of 16,Argentina,3,1,Mexico,Argentina,Mexico,,False
760,761,2010,2010/6/28,Round of 16,Netherlands,2,1,Slovakia,Netherlands,Slovakia,,False
761,762,2010,2010/6/28,Round of 16,Brazil,3,0,Chile,Brazil,Chile,,False
762,763,2010,2010/6/29,Round of 16,Paraguay,0,0,Japan,,,Paraguay win on penalties (5 - 3),False
763,764,2010,2010/6/29,Round of 16,Spain,1,0,Portugal,Spain,Portugal,,False
764,765,2010,2010/7/2,Quarter-finals,Netherlands,2,1,Brazil,Netherlands,Brazil,,False
765,766,2010,2010/7/2,Quarter-finals,Uruguay,1,1,Ghana,,,Uruguay win on penalties (4 - 2),False
766,767,2010,2010/7/3,Quarter-finals,Argentina,0,4,Germany,Germany,Argentina,,False
767,768,2010,2010/7/3,Quarter-finals,Paraguay,0,1,Spain,Spain,Paraguay,,False
768,769,2010,2010/7/6,Semi-finals,Uruguay,2,3,Netherlands,Netherlands,Uruguay,,False
769,770,2010,2010/7/7,Semi-finals,Germany,0,1,Spain,Spain,Germany,,False
770,771,2010,2010/7/10,Third place,Uruguay,2,3,Germany,Germany,Uruguay,,False
771,772,2010,2010/7/11,Final,Netherlands,0,1,Spain,Spain,Netherlands,Extra time,False
772,773,2014,2014/6/12,Group stage,Brazil,3,1,Croatia,Brazil,Croatia,,True
773,774,2014,2014/6/13,Group stage,Mexico,1,0,Cameroon,Mexico,Cameroon,,False
774,775,2014,2014/6/13,Group stage,Spain,1,5,Netherlands,Netherlands,Spain,,False
775,776,2014,2014/6/13,Group stage,Chile,3,1,Australia,Chile,Australia,,False
776,777,2014,2014/6/14,Group stage,Colombia,3,0,Greece,Colombia,Greece,,False
777,778,2014,2014/6/14,Group stage,Uruguay,1,3,Costa Rica,Costa Rica,Uruguay,,False
778,779,2014,2014/6/14,Group stage,England,1,2,Italy,Italy,England,,False
779,780,2014,2014/6/14,Group stage,Ivory Coast,2,1,Japan,Ivory Coast,Japan,,False
780,781,2014,2014/6/15,Group stage,Switzerland,2,1,Ecuador,Switzerland,Ecuador,,False
781,782,2014,2014/6/15,Group stage,France,3,0,Honduras,France,Honduras,,False
782,783,2014,2014/6/15,Group stage,Argentina,2,1,Bosnia and Herzegovina,Argentina,Bosnia and Herzegovina,,False
783,784,2014,2014/6/16,Group stage,Germany,4,0,Portugal,Germany,Portugal,,False
784,785,2014,2014/6/16,Group stage,Iran,0,0,Nigeria,,,,False
785,786,2014,2014/6/16,Group stage,Ghana,1,2,United States,United States,Ghana,,False
786,787,2014,2014/6/17,Group stage,Belgium,2,1,Algeria,Belgium,Algeria,,False
787,788,2014,2014/6/17,Group stage,Brazil,0,0,Mexico,,,,True
788,789,2014,2014/6/17,Group stage,Russia,1,1,South Korea,,,,False
789,790,2014,2014/6/18,Group stage,Australia,2,3,Netherlands,Netherlands,Australia,,False
790,791,2014,2014/6/18,Group stage,Spain,0,2,Chile,Chile,Spain,,False
791,792,2014,2014/6/18,Group stage,Cameroon,0,4,Croatia,Croatia,Cameroon,,False
792,793,2014,2014/6/19,Group stage,Colombia,2,1,Ivory Coast,Colombia,Ivory Coast,,False
793,794,2014,2014/6/19,Group stage,Uruguay,2,1,England,Uruguay,England,,False
794,795,2014,2014/6/19,Group stage,Japan,0,0,Greece,,,,False
795,796,2014,2014/6/20,Group stage,Italy,0,1,Costa Rica,Costa Rica,Italy,,False
796,797,2014,2014/6/20,Group stage,Switzerland,2,5,France,France,Switzerland,,False
797,798,2014,2014/6/20,Group stage,Honduras,1,2,Ecuador,Ecuador,Honduras,,False
798,799,2014,2014/6/21,Group stage,Argentina,1,0,Iran,Argentina,Iran,,False
799,800,2014,2014/6/21,Group stage,Germany,2,2,Ghana,,,,False
800,801,2014,2014/6/21,Group stage,Nigeria,1,0,Bosnia and Herzegovina,Nigeria,Bosnia and Herzegovina,,False
801,802,2014,2014/6/22,Group stage,Belgium,1,0,Russia,Belgium,Russia,,False
802,803,2014,2014/6/22,Group stage,South Korea,2,4,Algeria,Algeria,South Korea,,False
803,804,2014,2014/6/22,Group stage,United States,2,2,Portugal,,,,False
804,805,2014,2014/6/23,Group stage,Australia,0,3,Spain,Spain,Australia,,False
805,806,2014,2014/6/23,Group stage,Netherlands,2,0,Chile,Netherlands,Chile,,False
806,807,2014,2014/6/23,Group stage,Brazil,4,1,Cameroon,Brazil,Cameroon,,True
807,808,2014,2014/6/23,Group stage,Croatia,1,3,Mexico,Mexico,Croatia,,False
808,809,2014,2014/6/24,Group stage,Italy,0,1,Uruguay,Uruguay,Italy,,False
809,810,2014,2014/6/24,Group stage,Costa Rica,0,0,England,,,,False
810,811,2014,2014/6/24,Group stage,Japan,1,4,Colombia,Colombia,Japan,,False
811,812,2014,2014/6/24,Group stage,Greece,2,1,Ivory Coast,Greece,Ivory Coast,,False
812,813,2014,2014/6/25,Group stage,Nigeria,2,3,Argentina,Argentina,Nigeria,,False
813,814,2014,2014/6/25,Group stage,Bosnia and Herzegovina,3,1,Iran,Bosnia and Herzegovina,Iran,,False
814,815,2014,2014/6/25,Group stage,Honduras,0,3,Switzerland,Switzerland,Honduras,,False
815,816,2014,2014/6/25,Group stage,Ecuador,0,0,France,,,,False
816,817,2014,2014/6/26,Group stage,United States,0,1,Germany,Germany,United States,,False
817,818,2014,2014/6/26,Group stage,Portugal,2,1,Ghana,Portugal,Ghana,,False
818,819,2014,2014/6/26,Group stage,South Korea,0,1,Belgium,Belgium,South Korea,,False
819,820,2014,2014/6/26,Group stage,Algeria,1,1,Russia,,,,False
820,821,2014,2014/6/28,Round of 16,Brazil,1,1,Chile,,,Brazil win on penalties (3 - 2),True
821,822,2014,2014/6/28,Round of 16,Colombia,2,0,Uruguay,Colombia,Uruguay,,False
822,823,2014,2014/6/29,Round of 16,Netherlands,2,1,Mexico,Netherlands,Mexico,,False
823,824,2014,2014/6/29,Round of 16,Costa Rica,1,1,Greece,,,Costa Rica win on penalties (5 - 3),False
824,825,2014,2014/6/30,Round of 16,France,2,0,Nigeria,France,Nigeria,,False
825,826,2014,2014/6/30,Round of 16,Germany,2,1,Algeria,Germany,Algeria,Extra time,False
826,827,2014,2014/7/1,Round of 16,Argentina,1,0,Switzerland,Argentina,Switzerland,Extra time,False
827,828,2014,2014/7/1,Round of 16,Belgium,2,1,United States,Belgium,United States,Extra time,False
828,829,2014,2014/7/4,Quarter-finals,France,0,1,Germany,Germany,France,,False
829,830,2014,2014/7/4,Quarter-finals,Brazil,2,1,Colombia,Brazil,Colombia,,True
830,831,2014,2014/7/5,Quarter-finals,Argentina,1,0,Belgium,Argentina,Belgium,,False
831,832,2014,2014/7/5,Quarter-finals,Netherlands,0,0,Costa Rica,,,Netherlands win on penalties (4 - 3),False
832,833,2014,2014/7/8,Semi-finals,Brazil,1,7,Germany,Germany,Brazil,,True
833,834,2014,2014/7/9,Semi-finals,Netherlands,0,0,Argentina,,,Argentina win on penalties (2 - 4),False
834,835,2014,2014/7/12,Third place,Brazil,0,3,Netherlands,Netherlands,Brazil,,True
835,836,2014,2014/7/13,Final,Germany,1,0,Argentina,Germany,Argentina,Extra time,False
836,837,2018,2018/6/14,Group stage,Russia,5,0,Saudi Arabia,Russia,Saudi Arabia,,True
837,838,2018,2018/6/15,Group stage,Egypt,0,1,Uruguay,Uruguay,Egypt,,False
838,839,2018,2018/6/15,Group stage,Morocco,0,1,Iran,Iran,Morocco,,False
839,840,2018,2018/6/15,Group stage,Portugal,3,3,Spain,,,,False
840,841,2018,2018/6/16,Group stage,France,2,1,Australia,France,Australia,,False
841,842,2018,2018/6/16,Group stage,Argentina,1,1,Iceland,,,,False
842,843,2018,2018/6/16,Group stage,Peru,0,1,Denmark,Denmark,Peru,,False
843,844,2018,2018/6/16,Group stage,Croatia,2,0,Nigeria,Croatia,Nigeria,,False
844,845,2018,2018/6/17,Group stage,Costa Rica,0,1,Serbia,Serbia,Costa Rica,,False
845,846,2018,2018/6/17,Group stage,Germany,0,1,Mexico,Mexico,Germany,,False
846,847,2018,2018/6/17,Group stage,Brazil,1,1,Switzerland,,,,False
847,848,2018,2018/6/18,Group stage,Sweden,1,0,South Korea,Sweden,South Korea,,False
848,849,2018,2018/6/18,Group stage,Belgium,3,0,Panama,Belgium,Panama,,False
849,850,2018,2018/6/18,Group stage,Tunisia,1,2,England,England,Tunisia,,False
850,851,2018,2018/6/19,Group stage,Colombia,1,2,Japan,Japan,Colombia,,False
851,852,2018,2018/6/19,Group stage,Poland,1,2,Senegal,Senegal,Poland,,False
852,853,2018,2018/6/19,Group stage,Russia,3,1,Egypt,Russia,Egypt,,True
853,854,2018,2018/6/20,Group stage,Portugal,1,0,Morocco,Portugal,Morocco,,False
854,855,2018,2018/6/20,Group stage,Uruguay,1,0,Saudi Arabia,Uruguay,Saudi Arabia,,False
855,856,2018,2018/6/20,Group stage,Iran,0,1,Spain,Spain,Iran,,False
856,857,2018,2018/6/21,Group stage,Denmark,1,1,Australia,,,,False
857,858,2018,2018/6/21,Group stage,France,1,0,Peru,France,Peru,,False
858,859,2018,2018/6/21,Group stage,Argentina,0,3,Croatia,Croatia,Argentina,,False
859,860,2018,2018/6/22,Group stage,Brazil,2,0,Costa Rica,Brazil,Costa Rica,,False
860,861,2018,2018/6/22,Group stage,Nigeria,2,0,Iceland,Nigeria,Iceland,,False
861,862,2018,2018/6/22,Group stage,Serbia,1,2,Switzerland,Switzerland,Serbia,,False
862,863,2018,2018/6/23,Group stage,Belgium,5,2,Tunisia,Belgium,Tunisia,,False
863,864,2018,2018/6/23,Group stage,South Korea,1,2,Mexico,Mexico,South Korea,,False
864,865,2018,2018/6/23,Group stage,Germany,2,1,Sweden,Germany,Sweden,,False
865,866,2018,2018/6/24,Group stage,England,6,1,Panama,England,Panama,,False
866,867,2018,2018/6/24,Group stage,Japan,2,2,Senegal,,,,False
867,868,2018,2018/6/24,Group stage,Poland,0,3,Colombia,Colombia,Poland,,False
868,869,2018,2018/6/25,Group stage,Russia,0,3,Uruguay,Uruguay,Russia,,True
869,870,2018,2018/6/25,Group stage,Saudi Arabia,2,1,Egypt,Saudi Arabia,Egypt,,False
870,871,2018,2018/6/25,Group stage,Spain,2,2,Morocco,,,,False
871,872,2018,2018/6/25,Group stage,Iran,1,1,Portugal,,,,False
872,873,2018,2018/6/26,Group stage,Australia,0,2,Peru,Peru,Australia,,False
873,874,2018,2018/6/26,Group stage,Denmark,0,0,France,,,,False
874,875,2018,2018/6/26,Group stage,Nigeria,1,2,Argentina,Argentina,Nigeria,,False
875,876,2018,2018/6/26,Group stage,Iceland,1,2,Croatia,Croatia,Iceland,,False
876,877,2018,2018/6/27,Group stage,South Korea,2,0,Germany,South Korea,Germany,,False
877,878,2018,2018/6/27,Group stage,Mexico,0,3,Sweden,Sweden,Mexico,,False
878,879,2018,2018/6/27,Group stage,Serbia,0,2,Brazil,Brazil,Serbia,,False
879,880,2018,2018/6/27,Group stage,Switzerland,2,2,Costa Rica,,,,False
880,881,2018,2018/6/28,Group stage,Japan,0,1,Poland,Poland,Japan,,False
881,882,2018,2018/6/28,Group stage,Senegal,0,1,Colombia,Colombia,Senegal,,False
882,883,2018,2018/6/28,Group stage,Panama,1,2,Tunisia,Tunisia,Panama,,False
883,884,2018,2018/6/28,Group stage,England,0,1,Belgium,Belgium,England,,False
884,885,2018,2018/6/30,Round of 16,France,4,3,Argentina,France,Argentina,,False
885,886,2018,2018/6/30,Round of 16,Uruguay,2,1,Portugal,Uruguay,Portugal,,False
886,887,2018,2018/7/1,Round of 16,Russia,1,1,Spain,,,Russia win on penalties (4 - 3),True
887,888,2018,2018/7/1,Round of 16,Croatia,1,1,Denmark,,,Croatia win on penalties (3 - 2),False
888,889,2018,2018/7/2,Round of 16,Brazil,2,0,Mexico,Brazil,Mexico,,False
889,890,2018,2018/7/2,Round of 16,Belgium,3,2,Japan,Belgium,Japan,,False
890,891,2018,2018/7/3,Round of 16,Sweden,1,0,Switzerland,Sweden,Switzerland,,False
891,892,2018,2018/7/3,Round of 16,Colombia,1,1,England,,,England win on penalties (3 - 4),False
892,893,2018,2018/7/6,Quarter-finals,Uruguay,0,2,France,France,Uruguay,,False
893,894,2018,2018/7/6,Quarter-finals,Brazil,1,2,Belgium,Belgium,Brazil,,False
894,895,2018,2018/7/7,Quarter-finals,Sweden,0,2,England,England,Sweden,,False
895,896,2018,2018/7/7,Quarter-finals,Russia,2,2,Croatia,,,Croatia win on penalties (3 - 4),True
896,897,2018,2018/7/10,Semi-finals,France,1,0,Belgium,France,Belgium,,False
897,898,2018,2018/7/11,Semi-finals,Croatia,2,1,England,Croatia,England,Extra time,False
898,899,2018,2018/7/14,Third place,Belgium,2,0,England,Belgium,England,,False
899,900,2018,2018/7/15,Final,France,4,2,Croatia,France,Croatia,,False
